Industry,twitter_sent_mean,twitter_pos_ratio,twitter_neg_ratio,twitter_count
Energy,0.1724137931034483,0.5862068965517241,0.41379310344827586,116
Finance,0.08888888888888889,0.5444444444444444,0.45555555555555555,180
Healthcare,0.3,0.65,0.35,20
Technology,0.23877068557919623,0.6193853427895981,0.3806146572104019,846
Unknown,0.28839922229423204,0.644199611147116,0.355800388852884,4629
